-- phpMyAdmin SQL Dump
-- version 5.2.1
-- https://www.phpmyadmin.net/
--
-- Servidor: 127.0.0.1
-- Tiempo de generación: 12-05-2025 a las 18:16:13
-- Versión del servidor: 10.4.32-MariaDB
-- Versión de PHP: 8.2.12

SET SQL_MODE = "NO_AUTO_VALUE_ON_ZERO";
START TRANSACTION;
SET time_zone = "+00:00";


/*!40101 SET @OLD_CHARACTER_SET_CLIENT=@@CHARACTER_SET_CLIENT */;
/*!40101 SET @OLD_CHARACTER_SET_RESULTS=@@CHARACTER_SET_RESULTS */;
/*!40101 SET @OLD_COLLATION_CONNECTION=@@COLLATION_CONNECTION */;
/*!40101 SET NAMES utf8mb4 */;

--
-- Base de datos: `videofanlol`
--

-- --------------------------------------------------------

--
-- Estructura de tabla para la tabla `sugerencias`
--

CREATE TABLE `sugerencias` (
  `id` int(11) NOT NULL,
  `video_origen_id` int(11) NOT NULL,
  `video_sugerido_id` int(11) NOT NULL,
  `motivo` enum('palabra_clave','lugar') DEFAULT NULL
) ENGINE=InnoDB DEFAULT CHARSET=utf8mb4 COLLATE=utf8mb4_general_ci;

-- --------------------------------------------------------

--
-- Estructura Stand-in para la vista `super_pop_usuarios`
-- (Véase abajo para la vista actual)
--
CREATE TABLE `super_pop_usuarios` (
`usuario_id` int(11)
);

-- --------------------------------------------------------

--
-- Estructura de tabla para la tabla `usuarios`
--

CREATE TABLE `usuarios` (
  `id` int(11) NOT NULL,
  `username` varchar(50) NOT NULL,
  `password` varchar(255) NOT NULL,
  `email` varchar(100) NOT NULL,
  `fecha_nacimiento` date NOT NULL,
  `pais` varchar(50) NOT NULL,
  `fecha_ultimo_acceso` datetime DEFAULT NULL,
  `creado_en` timestamp NOT NULL DEFAULT current_timestamp()
) ENGINE=InnoDB DEFAULT CHARSET=utf8mb4 COLLATE=utf8mb4_general_ci;

--
-- Volcado de datos para la tabla `usuarios`
--

INSERT INTO `usuarios` (`id`, `username`, `password`, `email`, `fecha_nacimiento`, `pais`, `fecha_ultimo_acceso`, `creado_en`) VALUES
(1, 'Franco', '$2y$10$BctNjmeq9Np3txWD54igT.4RPXAv9XYRIciGJtTcWhYHQzzKoRL6K', 'gfranco323@gmail.com', '1999-12-21', 'Argentina', '2025-05-12 13:13:06', '2025-04-18 00:25:19'),
(2, 'Tania', '$2y$10$JT82DgZ9fm7BMGZNgKL8kOvqF13vhJcEsD5GSbB/6wz1ELWUWfS0y', 'tania_gg@hotmail.com.ar', '1992-05-02', 'Argentina', '2025-05-12 13:13:34', '2025-04-18 01:13:33'),
(3, 'Recopilados', '$2y$10$NoByZ/LYFc3K3q/nKYDQL.TFMqlpud7b5PxwBpd/xUC/889058TDW', 'ceci@email.com', '2025-04-16', 'Chile', '2025-05-12 13:13:50', '2025-04-19 04:54:16'),
(4, 'Veggta22', '$2y$10$ItOwXjQaenrFPqJef4X.YedpH2zHXJAN3Tyx5iqVolp0R6Uc.TXSC', 'lucca@email.com', '2000-06-15', 'Bolivia', '2025-05-12 13:14:16', '2025-04-19 22:00:50'),
(7, 'Ariel', '$2y$10$nW7w4aKjb/dcQjWvrTUuWOtE15H99R4ewGNTVTyXFWbxihREYzhh6', 'ari@gmail.com', '1972-01-06', 'Argentina', '2025-05-11 20:36:14', '2025-05-11 23:36:07');

-- --------------------------------------------------------

--
-- Estructura de tabla para la tabla `videos`
--

CREATE TABLE `videos` (
  `id` int(11) NOT NULL,
  `usuario_id` int(11) NOT NULL,
  `titulo` varchar(100) NOT NULL,
  `descripcion` text DEFAULT NULL,
  `palabras_clave` text DEFAULT NULL,
  `lugar` varchar(100) DEFAULT NULL,
  `fecha_grabacion` date DEFAULT NULL,
  `fecha_subida` datetime DEFAULT current_timestamp(),
  `ruta_archivo` varchar(255) DEFAULT NULL,
  `duracion_segundos` int(11) DEFAULT NULL,
  `tamanio_mb` float DEFAULT NULL,
  `latitud` decimal(10,7) DEFAULT NULL,
  `longitud` decimal(10,7) DEFAULT NULL,
  `pais` varchar(100) DEFAULT NULL,
  `provincia` varchar(100) DEFAULT NULL,
  `ciudad` varchar(100) DEFAULT NULL
) ENGINE=InnoDB DEFAULT CHARSET=utf8mb4 COLLATE=utf8mb4_general_ci;

--
-- Volcado de datos para la tabla `videos`
--

INSERT INTO `videos` (`id`, `usuario_id`, `titulo`, `descripcion`, `palabras_clave`, `lugar`, `fecha_grabacion`, `fecha_subida`, `ruta_archivo`, `duracion_segundos`, `tamanio_mb`, `latitud`, `longitud`, `pais`, `provincia`, `ciudad`) VALUES
(14, 1, 'Tutorial de montaje capitulo 1', 'Vamos a explicar los principios de esta seria de cursos virtuales', 'ciencia', 'Comodoro Rivadavia', '2025-04-30', '2025-04-30 05:25:15', 'video_6811981b8952c.mp4', NULL, 7.47, -45.8612189, -67.4838136, 'Argentina', 'Chubut', 'Comodoro Rivadavia'),
(16, 1, 'Visita a la Boya - Mantenimiento', 'Hicimos una pequeña visita la Boya oceanografica Comodoro II', 'naturaleza,ciencia', 'Comodoro Rivadavia', '2025-04-29', '2025-05-01 00:01:25', 'video_68129db5eb1e5.mp4', NULL, 2.8, -45.8705206, -67.4598742, 'Argentina', 'Chubut', 'Comodoro Rivadavia'),
(20, 1, 'Curso de redes', 'Aca deberia ir una descripcion real del video', 'naturaleza,ciudad', 'Argentina, Chubut, Comodoro Rivadavia', '2025-05-02', '2025-05-11 09:13:23', 'video_68204e13ce747.mp4', NULL, 19.55, -46.1240178, -67.9729699, 'Argentina', 'Chubut', 'Comodoro Rivadavia'),
(21, 1, 'Aeropuerto atardecer', 'Un video grabado en el aeropuerto.', 'ciudad,viaje', 'Argentina, Buenos Aires, Ezeiza', '2025-05-03', '2025-05-12 17:08:04', 'video_68220ed462a5b.mp4', NULL, 8.83, -34.8503708, -58.5159595, NULL, NULL, NULL),
(22, 3, 'Aerolienas Argentinas', 'Un Airbus 330 despegando de Ezeiza. Parte de la campaña de Aerolíneas Argentinas en el 2014', 'viaje,ciencia', 'Argentina, Chubut, Comodoro Rivadavia', '2014-04-24', '2025-05-12 18:09:10', 'video_68221d26de006.mp4', NULL, 8, -37.0089243, -58.4509583, NULL, NULL, NULL);

-- --------------------------------------------------------

--
-- Estructura de tabla para la tabla `vistas`
--

CREATE TABLE `vistas` (
  `id` int(11) NOT NULL,
  `video_id` int(11) NOT NULL,
  `usuario_id` int(11) DEFAULT NULL,
  `fecha` timestamp NOT NULL DEFAULT current_timestamp()
) ENGINE=InnoDB DEFAULT CHARSET=utf8mb4 COLLATE=utf8mb4_general_ci;

--
-- Volcado de datos para la tabla `vistas`
--

INSERT INTO `vistas` (`id`, `video_id`, `usuario_id`, `fecha`) VALUES
(77, 14, 2, '2025-04-30 03:27:12'),
(78, 14, NULL, '2025-04-30 03:28:31'),
(80, 16, 1, '2025-04-30 22:01:33'),
(81, 16, 1, '2025-04-30 22:08:40'),
(82, 16, 1, '2025-04-30 22:08:43'),
(83, 16, 1, '2025-04-30 22:10:24'),
(84, 16, 1, '2025-04-30 22:18:00'),
(85, 16, NULL, '2025-04-30 22:24:47'),
(89, 14, NULL, '2025-04-30 22:34:06'),
(92, 14, 1, '2025-05-07 23:53:45'),
(93, 16, 1, '2025-05-09 23:50:42'),
(94, 16, 1, '2025-05-10 00:21:50'),
(96, 16, NULL, '2025-05-11 04:23:32'),
(97, 16, 1, '2025-05-11 04:38:26'),
(99, 14, 1, '2025-05-11 05:07:39'),
(102, 16, 1, '2025-05-11 05:44:18'),
(103, 16, 1, '2025-05-11 06:26:27'),
(104, 16, 1, '2025-05-11 06:27:53'),
(105, 16, 1, '2025-05-11 06:27:53'),
(106, 16, 1, '2025-05-11 06:27:53'),
(107, 16, 1, '2025-05-11 06:27:53'),
(108, 16, 1, '2025-05-11 06:27:53'),
(109, 16, 1, '2025-05-11 06:27:53'),
(110, 16, 1, '2025-05-11 06:27:53'),
(111, 16, 1, '2025-05-11 06:27:53'),
(112, 16, 1, '2025-05-11 06:27:53'),
(113, 16, 1, '2025-05-11 06:27:53'),
(114, 16, 1, '2025-05-11 06:27:53'),
(115, 16, 1, '2025-05-11 06:27:53'),
(116, 16, 1, '2025-05-11 06:27:53'),
(117, 16, 1, '2025-05-11 06:27:53'),
(118, 16, 1, '2025-05-11 06:27:53'),
(119, 16, 1, '2025-05-11 06:27:53'),
(120, 16, 1, '2025-05-11 06:27:53'),
(121, 16, 1, '2025-05-11 06:27:53'),
(122, 16, 1, '2025-05-11 06:27:53'),
(123, 16, 1, '2025-05-11 06:27:53'),
(124, 16, 1, '2025-05-11 06:27:53'),
(125, 16, 1, '2025-05-11 06:27:53'),
(126, 16, 1, '2025-05-11 06:27:53'),
(127, 16, 1, '2025-05-11 06:27:53'),
(128, 16, 1, '2025-05-11 06:27:53'),
(129, 16, 1, '2025-05-11 06:27:53'),
(130, 16, 1, '2025-05-11 06:27:53'),
(131, 16, 1, '2025-05-11 06:27:53'),
(132, 16, 1, '2025-05-11 06:27:53'),
(133, 16, 1, '2025-05-11 06:27:53'),
(134, 16, 1, '2025-05-11 06:27:53'),
(135, 16, 1, '2025-05-11 06:27:53'),
(136, 16, 1, '2025-05-11 06:27:53'),
(137, 16, 1, '2025-05-11 06:27:53'),
(138, 16, 1, '2025-05-11 06:27:53'),
(139, 16, 1, '2025-05-11 06:27:53'),
(140, 16, 1, '2025-05-11 06:27:53'),
(141, 16, 1, '2025-05-11 06:27:53'),
(142, 16, 1, '2025-05-11 06:27:53'),
(143, 16, 1, '2025-05-11 06:27:53'),
(144, 16, 1, '2025-05-11 06:27:53'),
(145, 16, 1, '2025-05-11 06:27:53'),
(146, 16, 1, '2025-05-11 06:27:53'),
(147, 16, 1, '2025-05-11 06:27:53'),
(148, 16, 1, '2025-05-11 06:27:53'),
(149, 16, 1, '2025-05-11 06:27:53'),
(150, 16, 1, '2025-05-11 06:27:53'),
(151, 16, 1, '2025-05-11 06:27:53'),
(152, 16, 1, '2025-05-11 06:27:53'),
(153, 16, 1, '2025-05-11 06:27:53'),
(154, 16, 1, '2025-05-11 06:27:53'),
(155, 16, 1, '2025-05-11 06:27:53'),
(156, 16, 1, '2025-05-11 06:27:53'),
(157, 16, 1, '2025-05-11 06:27:53'),
(158, 16, 1, '2025-05-11 06:27:53'),
(159, 16, 1, '2025-05-11 06:27:53'),
(160, 16, 1, '2025-05-11 06:27:53'),
(161, 16, 1, '2025-05-11 06:27:53'),
(162, 16, 1, '2025-05-11 06:27:53'),
(163, 16, 1, '2025-05-11 06:27:53'),
(164, 16, 1, '2025-05-11 06:27:53'),
(165, 16, 1, '2025-05-11 06:27:53'),
(166, 16, 1, '2025-05-11 06:27:53'),
(167, 16, 1, '2025-05-11 06:27:53'),
(168, 16, 1, '2025-05-11 06:27:53'),
(169, 16, 1, '2025-05-11 06:27:53'),
(170, 16, 1, '2025-05-11 06:27:53'),
(171, 16, 1, '2025-05-11 06:27:53'),
(172, 16, 1, '2025-05-11 06:27:53'),
(173, 16, 1, '2025-05-11 06:27:53'),
(174, 16, 1, '2025-05-11 06:27:53'),
(175, 16, 1, '2025-05-11 06:27:53'),
(176, 16, 1, '2025-05-11 06:27:53'),
(177, 16, 1, '2025-05-11 06:27:53'),
(178, 16, 1, '2025-05-11 06:27:53'),
(179, 16, 1, '2025-05-11 06:27:53'),
(180, 16, 1, '2025-05-11 06:27:53'),
(181, 16, 1, '2025-05-11 06:27:53'),
(182, 16, 1, '2025-05-11 06:27:53'),
(183, 16, 1, '2025-05-11 06:27:53'),
(184, 16, 1, '2025-05-11 06:27:53'),
(185, 16, 1, '2025-05-11 06:27:53'),
(186, 16, 1, '2025-05-11 06:27:53'),
(187, 16, 1, '2025-05-11 06:27:53'),
(188, 16, 1, '2025-05-11 06:27:53'),
(189, 16, 1, '2025-05-11 06:27:53'),
(190, 16, 1, '2025-05-11 06:27:53'),
(191, 16, 1, '2025-05-11 06:27:53'),
(192, 16, 1, '2025-05-11 06:27:53'),
(193, 16, 1, '2025-05-11 06:27:53'),
(194, 16, 1, '2025-05-11 06:27:53'),
(195, 16, 1, '2025-05-11 06:27:53'),
(196, 16, 1, '2025-05-11 06:27:53'),
(197, 16, 1, '2025-05-11 06:27:53'),
(198, 16, 1, '2025-05-11 06:27:53'),
(199, 16, 1, '2025-05-11 06:27:53'),
(200, 16, 1, '2025-05-11 06:27:53'),
(201, 16, 1, '2025-05-11 06:27:53'),
(202, 16, 1, '2025-05-11 06:27:53'),
(203, 16, 1, '2025-05-11 06:27:53'),
(204, 16, 1, '2025-05-11 06:27:53'),
(205, 16, 1, '2025-05-11 06:27:53'),
(206, 16, 1, '2025-05-11 06:27:53'),
(207, 16, 1, '2025-05-11 06:27:53'),
(208, 16, 1, '2025-05-11 06:27:53'),
(209, 16, 1, '2025-05-11 06:27:53'),
(210, 16, 1, '2025-05-11 06:27:53'),
(211, 16, 1, '2025-05-11 06:27:53'),
(212, 16, 1, '2025-05-11 06:27:53'),
(213, 16, 1, '2025-05-11 06:27:53'),
(214, 16, 1, '2025-05-11 06:27:53'),
(215, 16, 1, '2025-05-11 06:27:53'),
(216, 16, 1, '2025-05-11 06:27:53'),
(217, 16, 1, '2025-05-11 06:27:53'),
(218, 16, 1, '2025-05-11 06:27:53'),
(219, 16, 1, '2025-05-11 06:27:53'),
(220, 16, 1, '2025-05-11 06:27:53'),
(221, 16, 1, '2025-05-11 06:27:53'),
(222, 16, 1, '2025-05-11 06:27:53'),
(223, 16, 1, '2025-05-11 06:27:53'),
(224, 16, 1, '2025-05-11 06:27:53'),
(225, 16, 1, '2025-05-11 06:27:53'),
(226, 16, 1, '2025-05-11 06:27:53'),
(227, 16, 1, '2025-05-11 06:27:53'),
(228, 16, 1, '2025-05-11 06:27:53'),
(229, 16, 1, '2025-05-11 06:27:53'),
(230, 16, 1, '2025-05-11 06:27:53'),
(231, 16, 1, '2025-05-11 06:27:53'),
(232, 16, 1, '2025-05-11 06:27:53'),
(233, 16, 1, '2025-05-11 06:27:53'),
(234, 16, 1, '2025-05-11 06:27:53'),
(235, 16, 1, '2025-05-11 06:27:53'),
(236, 16, 1, '2025-05-11 06:27:53'),
(237, 16, 1, '2025-05-11 06:27:53'),
(238, 16, 1, '2025-05-11 06:27:53'),
(239, 16, 1, '2025-05-11 06:27:53'),
(240, 16, 1, '2025-05-11 06:27:53'),
(241, 16, 1, '2025-05-11 06:27:53'),
(242, 16, 1, '2025-05-11 06:27:53'),
(243, 16, 1, '2025-05-11 06:27:53'),
(244, 16, 1, '2025-05-11 06:27:53'),
(245, 16, 1, '2025-05-11 06:27:53'),
(246, 16, 1, '2025-05-11 06:27:53'),
(247, 16, 1, '2025-05-11 06:27:53'),
(248, 16, 1, '2025-05-11 06:27:53'),
(249, 16, 1, '2025-05-11 06:27:53'),
(250, 16, 1, '2025-05-11 06:27:53'),
(251, 16, 1, '2025-05-11 06:27:53'),
(252, 16, 1, '2025-05-11 06:27:53'),
(253, 16, 1, '2025-05-11 06:27:53'),
(254, 16, 1, '2025-05-11 06:27:53'),
(255, 16, 1, '2025-05-11 06:27:53'),
(256, 16, 1, '2025-05-11 06:27:53'),
(257, 16, 1, '2025-05-11 06:27:53'),
(258, 16, 1, '2025-05-11 06:27:53'),
(259, 16, 1, '2025-05-11 06:27:53'),
(260, 16, 1, '2025-05-11 06:27:53'),
(261, 16, 1, '2025-05-11 06:27:53'),
(262, 16, 1, '2025-05-11 06:27:53'),
(263, 16, 1, '2025-05-11 06:27:53'),
(264, 16, 1, '2025-05-11 06:27:53'),
(265, 16, 1, '2025-05-11 06:27:53'),
(266, 16, 1, '2025-05-11 06:27:53'),
(267, 16, 1, '2025-05-11 06:27:53'),
(268, 16, 1, '2025-05-11 06:27:53'),
(269, 16, 1, '2025-05-11 06:27:53'),
(270, 16, 1, '2025-05-11 06:27:53'),
(271, 16, 1, '2025-05-11 06:27:53'),
(272, 16, 1, '2025-05-11 06:27:53'),
(273, 16, 1, '2025-05-11 06:27:53'),
(274, 16, 1, '2025-05-11 06:27:53'),
(275, 16, 1, '2025-05-11 06:27:53'),
(276, 16, 1, '2025-05-11 06:27:53'),
(277, 16, 1, '2025-05-11 06:27:53'),
(278, 16, 1, '2025-05-11 06:27:53'),
(279, 16, 1, '2025-05-11 06:27:53'),
(280, 16, 1, '2025-05-11 06:27:53'),
(281, 16, 1, '2025-05-11 06:27:53'),
(282, 16, 1, '2025-05-11 06:27:53'),
(283, 16, 1, '2025-05-11 06:27:53'),
(284, 16, 1, '2025-05-11 06:27:53'),
(285, 16, 1, '2025-05-11 06:27:53'),
(286, 16, 1, '2025-05-11 06:27:53'),
(287, 16, 1, '2025-05-11 06:27:53'),
(288, 16, 1, '2025-05-11 06:27:53'),
(289, 16, 1, '2025-05-11 06:27:53'),
(290, 16, 1, '2025-05-11 06:27:53'),
(359, 16, 1, '2025-05-11 06:27:57'),
(360, 16, 1, '2025-05-11 06:28:11'),
(361, 16, 1, '2025-05-11 06:28:11'),
(362, 16, 1, '2025-05-11 06:28:11'),
(363, 16, 1, '2025-05-11 06:28:11'),
(364, 16, 1, '2025-05-11 06:28:11'),
(365, 16, 1, '2025-05-11 06:28:11'),
(366, 16, 1, '2025-05-11 06:28:11'),
(367, 16, 1, '2025-05-11 06:28:11'),
(368, 16, 1, '2025-05-11 06:28:11'),
(369, 16, 1, '2025-05-11 06:28:11'),
(370, 16, 1, '2025-05-11 06:28:11'),
(371, 16, 1, '2025-05-11 06:28:11'),
(372, 16, 1, '2025-05-11 06:28:11'),
(373, 16, 1, '2025-05-11 06:28:11'),
(374, 16, 1, '2025-05-11 06:28:11'),
(375, 16, 1, '2025-05-11 06:28:11'),
(376, 16, 1, '2025-05-11 06:28:11'),
(377, 16, 1, '2025-05-11 06:28:11'),
(378, 16, 1, '2025-05-11 06:28:11'),
(379, 16, 1, '2025-05-11 06:28:11'),
(380, 16, 1, '2025-05-11 06:28:11'),
(381, 16, 1, '2025-05-11 06:28:11'),
(382, 16, 1, '2025-05-11 06:28:11'),
(383, 16, 1, '2025-05-11 06:28:11'),
(384, 16, 1, '2025-05-11 06:28:11'),
(385, 16, 1, '2025-05-11 06:28:11'),
(386, 16, 1, '2025-05-11 06:28:11'),
(387, 16, 1, '2025-05-11 06:28:11'),
(388, 16, 1, '2025-05-11 06:28:11'),
(389, 16, 1, '2025-05-11 06:28:11'),
(390, 16, 1, '2025-05-11 06:28:11'),
(391, 16, 1, '2025-05-11 06:28:11'),
(392, 16, 1, '2025-05-11 06:28:11'),
(393, 16, 1, '2025-05-11 06:28:11'),
(394, 16, 1, '2025-05-11 06:28:11'),
(395, 16, 1, '2025-05-11 06:28:11'),
(396, 16, 1, '2025-05-11 06:28:11'),
(397, 16, 1, '2025-05-11 06:28:11'),
(398, 16, 1, '2025-05-11 06:28:11'),
(399, 16, 1, '2025-05-11 06:28:11'),
(400, 16, 1, '2025-05-11 06:28:11'),
(401, 16, 1, '2025-05-11 06:28:11'),
(402, 16, 1, '2025-05-11 06:28:11'),
(403, 16, 1, '2025-05-11 06:28:11'),
(404, 16, 1, '2025-05-11 06:28:11'),
(405, 16, 1, '2025-05-11 06:28:11'),
(406, 16, 1, '2025-05-11 06:28:11'),
(407, 16, 1, '2025-05-11 06:28:11'),
(408, 16, 1, '2025-05-11 06:28:11'),
(409, 16, 1, '2025-05-11 06:28:11'),
(410, 16, 1, '2025-05-11 06:28:11'),
(411, 16, 1, '2025-05-11 06:28:11'),
(412, 16, 1, '2025-05-11 06:28:11'),
(413, 16, 1, '2025-05-11 06:28:11'),
(414, 16, 1, '2025-05-11 06:28:11'),
(415, 16, 1, '2025-05-11 06:28:11'),
(416, 16, 1, '2025-05-11 06:28:11'),
(417, 16, 1, '2025-05-11 06:28:11'),
(418, 16, 1, '2025-05-11 06:28:11'),
(419, 16, 1, '2025-05-11 06:28:11'),
(420, 16, 1, '2025-05-11 06:28:11'),
(421, 16, 1, '2025-05-11 06:28:11'),
(422, 16, 1, '2025-05-11 06:28:11'),
(423, 16, 1, '2025-05-11 06:28:11'),
(424, 16, 1, '2025-05-11 06:28:11'),
(425, 16, 1, '2025-05-11 06:28:11'),
(426, 16, 1, '2025-05-11 06:28:11'),
(427, 16, 1, '2025-05-11 06:28:11'),
(428, 16, 1, '2025-05-11 06:28:11'),
(429, 16, 1, '2025-05-11 06:28:11'),
(430, 16, 1, '2025-05-11 06:28:11'),
(431, 16, 1, '2025-05-11 06:28:11'),
(432, 16, 1, '2025-05-11 06:28:11'),
(433, 16, 1, '2025-05-11 06:28:11'),
(434, 16, 1, '2025-05-11 06:28:11'),
(435, 16, 1, '2025-05-11 06:28:11'),
(436, 16, 1, '2025-05-11 06:28:11'),
(437, 16, 1, '2025-05-11 06:28:11'),
(438, 16, 1, '2025-05-11 06:28:11'),
(439, 16, 1, '2025-05-11 06:28:11'),
(440, 16, 1, '2025-05-11 06:28:11'),
(441, 16, 1, '2025-05-11 06:28:11'),
(442, 16, 1, '2025-05-11 06:28:11'),
(443, 16, 1, '2025-05-11 06:28:11'),
(444, 16, 1, '2025-05-11 06:28:11'),
(445, 16, 1, '2025-05-11 06:28:11'),
(446, 16, 1, '2025-05-11 06:28:11'),
(447, 16, 1, '2025-05-11 06:28:11'),
(448, 16, 1, '2025-05-11 06:28:11'),
(449, 16, 1, '2025-05-11 06:28:11'),
(450, 16, 1, '2025-05-11 06:28:11'),
(451, 16, 1, '2025-05-11 06:28:11'),
(452, 16, 1, '2025-05-11 06:28:11'),
(453, 16, 1, '2025-05-11 06:28:11'),
(454, 16, 1, '2025-05-11 06:28:11'),
(455, 16, 1, '2025-05-11 06:28:11'),
(456, 16, 1, '2025-05-11 06:28:11'),
(457, 16, 1, '2025-05-11 06:28:11'),
(458, 16, 1, '2025-05-11 06:28:11'),
(459, 16, 1, '2025-05-11 06:28:11'),
(460, 16, 1, '2025-05-11 06:28:11'),
(461, 16, 1, '2025-05-11 06:28:11'),
(462, 16, 1, '2025-05-11 06:28:11'),
(463, 16, 1, '2025-05-11 06:28:11'),
(464, 16, 1, '2025-05-11 06:28:11'),
(465, 16, 1, '2025-05-11 06:28:11'),
(466, 16, 1, '2025-05-11 06:28:11'),
(467, 16, 1, '2025-05-11 06:28:11'),
(468, 16, 1, '2025-05-11 06:28:11'),
(469, 16, 1, '2025-05-11 06:28:11'),
(470, 16, 1, '2025-05-11 06:28:11'),
(471, 16, 1, '2025-05-11 06:28:11'),
(472, 16, 1, '2025-05-11 06:28:11'),
(473, 16, 1, '2025-05-11 06:28:11'),
(474, 16, 1, '2025-05-11 06:28:11'),
(475, 16, 1, '2025-05-11 06:28:11'),
(476, 16, 1, '2025-05-11 06:28:11'),
(477, 16, 1, '2025-05-11 06:28:11'),
(478, 16, 1, '2025-05-11 06:28:11'),
(479, 16, 1, '2025-05-11 06:28:11'),
(480, 16, 1, '2025-05-11 06:28:11'),
(481, 16, 1, '2025-05-11 06:28:11'),
(482, 16, 1, '2025-05-11 06:28:11'),
(483, 16, 1, '2025-05-11 06:28:11'),
(484, 16, 1, '2025-05-11 06:28:11'),
(485, 16, 1, '2025-05-11 06:28:11'),
(486, 16, 1, '2025-05-11 06:28:11'),
(487, 16, 1, '2025-05-11 06:28:11'),
(488, 16, 1, '2025-05-11 06:28:11'),
(489, 16, 1, '2025-05-11 06:28:11'),
(490, 16, 1, '2025-05-11 06:28:11'),
(491, 16, 1, '2025-05-11 06:28:11'),
(492, 16, 1, '2025-05-11 06:28:11'),
(493, 16, 1, '2025-05-11 06:28:11'),
(494, 16, 1, '2025-05-11 06:28:11'),
(495, 16, 1, '2025-05-11 06:28:11'),
(496, 16, 1, '2025-05-11 06:28:11'),
(497, 16, 1, '2025-05-11 06:28:11'),
(498, 16, 1, '2025-05-11 06:28:11'),
(499, 16, 1, '2025-05-11 06:28:11'),
(500, 16, 1, '2025-05-11 06:28:11'),
(501, 16, 1, '2025-05-11 06:28:11'),
(502, 16, 1, '2025-05-11 06:28:11'),
(503, 16, 1, '2025-05-11 06:28:11'),
(504, 16, 1, '2025-05-11 06:28:11'),
(505, 16, 1, '2025-05-11 06:28:11'),
(506, 16, 1, '2025-05-11 06:28:11'),
(507, 16, 1, '2025-05-11 06:28:11'),
(508, 16, 1, '2025-05-11 06:28:11'),
(509, 16, 1, '2025-05-11 06:28:11'),
(510, 16, 1, '2025-05-11 06:28:11'),
(511, 16, 1, '2025-05-11 06:28:11'),
(512, 16, 1, '2025-05-11 06:28:11'),
(513, 16, 1, '2025-05-11 06:28:11'),
(514, 16, 1, '2025-05-11 06:28:11'),
(515, 16, 1, '2025-05-11 06:28:11'),
(516, 16, 1, '2025-05-11 06:28:11'),
(517, 16, 1, '2025-05-11 06:28:11'),
(518, 16, 1, '2025-05-11 06:28:11'),
(519, 16, 1, '2025-05-11 06:28:11'),
(520, 16, 1, '2025-05-11 06:28:11'),
(521, 16, 1, '2025-05-11 06:28:11'),
(522, 16, 1, '2025-05-11 06:28:11'),
(523, 16, 1, '2025-05-11 06:28:11'),
(524, 16, 1, '2025-05-11 06:28:11'),
(525, 16, 1, '2025-05-11 06:28:11'),
(526, 16, 1, '2025-05-11 06:28:11'),
(527, 16, 1, '2025-05-11 06:28:11'),
(528, 16, 1, '2025-05-11 06:28:11'),
(529, 16, 1, '2025-05-11 06:28:11'),
(530, 16, 1, '2025-05-11 06:28:11'),
(531, 16, 1, '2025-05-11 06:28:11'),
(532, 16, 1, '2025-05-11 06:28:11'),
(533, 16, 1, '2025-05-11 06:28:11'),
(534, 16, 1, '2025-05-11 06:28:11'),
(535, 16, 1, '2025-05-11 06:28:11'),
(536, 16, 1, '2025-05-11 06:28:11'),
(537, 16, 1, '2025-05-11 06:28:11'),
(538, 16, 1, '2025-05-11 06:28:11'),
(539, 16, 1, '2025-05-11 06:28:11'),
(540, 16, 1, '2025-05-11 06:28:11'),
(541, 16, 1, '2025-05-11 06:28:11'),
(542, 16, 1, '2025-05-11 06:28:11'),
(543, 16, 1, '2025-05-11 06:28:11'),
(544, 16, 1, '2025-05-11 06:28:11'),
(545, 16, 1, '2025-05-11 06:28:11'),
(546, 16, 1, '2025-05-11 06:28:11'),
(615, 16, 1, '2025-05-11 06:28:14'),
(616, 16, 1, '2025-05-09 15:00:00'),
(617, 16, 1, '2025-05-09 15:00:00'),
(618, 16, 1, '2025-05-09 15:00:00'),
(619, 16, 1, '2025-05-09 15:00:00'),
(620, 16, 1, '2025-05-09 15:00:00'),
(621, 16, 1, '2025-05-09 15:00:00'),
(622, 16, 1, '2025-05-09 15:00:00'),
(623, 16, 1, '2025-05-09 15:00:00'),
(624, 16, 1, '2025-05-09 15:00:00'),
(625, 16, 1, '2025-05-09 15:00:00'),
(626, 16, 1, '2025-05-09 15:00:00'),
(627, 16, 1, '2025-05-09 15:00:00'),
(628, 16, 1, '2025-05-09 15:00:00'),
(629, 16, 1, '2025-05-09 15:00:00'),
(630, 16, 1, '2025-05-09 15:00:00'),
(631, 16, 1, '2025-05-09 15:00:00'),
(632, 16, 1, '2025-05-09 15:00:00'),
(633, 16, 1, '2025-05-09 15:00:00'),
(634, 16, 1, '2025-05-09 15:00:00'),
(635, 16, 1, '2025-05-09 15:00:00'),
(636, 16, 1, '2025-05-09 15:00:00'),
(637, 16, 1, '2025-05-09 15:00:00'),
(638, 16, 1, '2025-05-09 15:00:00'),
(639, 16, 1, '2025-05-09 15:00:00'),
(640, 16, 1, '2025-05-09 15:00:00'),
(641, 16, 1, '2025-05-09 15:00:00'),
(642, 16, 1, '2025-05-09 15:00:00'),
(643, 16, 1, '2025-05-09 15:00:00'),
(644, 16, 1, '2025-05-09 15:00:00'),
(645, 16, 1, '2025-05-09 15:00:00'),
(646, 16, 1, '2025-05-09 15:00:00'),
(647, 16, 1, '2025-05-09 15:00:00'),
(648, 16, 1, '2025-05-09 15:00:00'),
(649, 16, 1, '2025-05-09 15:00:00'),
(650, 16, 1, '2025-05-09 15:00:00'),
(651, 16, 1, '2025-05-09 15:00:00'),
(652, 16, 1, '2025-05-09 15:00:00'),
(653, 16, 1, '2025-05-09 15:00:00'),
(654, 16, 1, '2025-05-09 15:00:00'),
(655, 16, 1, '2025-05-09 15:00:00'),
(656, 16, 1, '2025-05-09 15:00:00'),
(657, 16, 1, '2025-05-09 15:00:00'),
(658, 16, 1, '2025-05-09 15:00:00'),
(659, 16, 1, '2025-05-09 15:00:00'),
(660, 16, 1, '2025-05-09 15:00:00'),
(661, 16, 1, '2025-05-09 15:00:00'),
(662, 16, 1, '2025-05-09 15:00:00'),
(663, 16, 1, '2025-05-09 15:00:00'),
(664, 16, 1, '2025-05-09 15:00:00'),
(665, 16, 1, '2025-05-09 15:00:00'),
(666, 16, 1, '2025-05-09 15:00:00'),
(667, 16, 1, '2025-05-09 15:00:00'),
(668, 16, 1, '2025-05-09 15:00:00'),
(669, 16, 1, '2025-05-09 15:00:00'),
(670, 16, 1, '2025-05-09 15:00:00'),
(671, 16, 1, '2025-05-09 15:00:00'),
(672, 16, 1, '2025-05-09 15:00:00'),
(673, 16, 1, '2025-05-09 15:00:00'),
(674, 16, 1, '2025-05-09 15:00:00'),
(675, 16, 1, '2025-05-09 15:00:00'),
(676, 16, 1, '2025-05-09 15:00:00'),
(677, 16, 1, '2025-05-09 15:00:00'),
(678, 16, 1, '2025-05-09 15:00:00'),
(679, 16, 1, '2025-05-09 15:00:00'),
(680, 16, 1, '2025-05-09 15:00:00'),
(681, 16, 1, '2025-05-09 15:00:00'),
(682, 16, 1, '2025-05-09 15:00:00'),
(683, 16, 1, '2025-05-09 15:00:00'),
(684, 16, 1, '2025-05-09 15:00:00'),
(685, 16, 1, '2025-05-09 15:00:00'),
(686, 16, 1, '2025-05-09 15:00:00'),
(687, 16, 1, '2025-05-09 15:00:00'),
(688, 16, 1, '2025-05-09 15:00:00'),
(689, 16, 1, '2025-05-09 15:00:00'),
(690, 16, 1, '2025-05-09 15:00:00'),
(691, 16, 1, '2025-05-09 15:00:00'),
(692, 16, 1, '2025-05-09 15:00:00'),
(693, 16, 1, '2025-05-09 15:00:00'),
(694, 16, 1, '2025-05-09 15:00:00'),
(695, 16, 1, '2025-05-09 15:00:00'),
(696, 16, 1, '2025-05-09 15:00:00'),
(697, 16, 1, '2025-05-09 15:00:00'),
(698, 16, 1, '2025-05-09 15:00:00'),
(699, 16, 1, '2025-05-09 15:00:00'),
(700, 16, 1, '2025-05-09 15:00:00'),
(701, 16, 1, '2025-05-09 15:00:00'),
(702, 16, 1, '2025-05-09 15:00:00'),
(703, 16, 1, '2025-05-09 15:00:00'),
(704, 16, 1, '2025-05-09 15:00:00'),
(705, 16, 1, '2025-05-09 15:00:00'),
(706, 16, 1, '2025-05-09 15:00:00'),
(707, 16, 1, '2025-05-09 15:00:00'),
(708, 16, 1, '2025-05-09 15:00:00'),
(709, 16, 1, '2025-05-09 15:00:00'),
(710, 16, 1, '2025-05-09 15:00:00'),
(711, 16, 1, '2025-05-09 15:00:00'),
(712, 16, 1, '2025-05-09 15:00:00'),
(713, 16, 1, '2025-05-09 15:00:00'),
(714, 16, 1, '2025-05-09 15:00:00'),
(715, 16, 1, '2025-05-09 15:00:00'),
(716, 16, 1, '2025-05-09 15:00:00'),
(717, 16, 1, '2025-05-09 15:00:00'),
(718, 16, 1, '2025-05-09 15:00:00'),
(719, 16, 1, '2025-05-09 15:00:00'),
(720, 16, 1, '2025-05-09 15:00:00'),
(721, 16, 1, '2025-05-09 15:00:00'),
(722, 16, 1, '2025-05-09 15:00:00'),
(723, 16, 1, '2025-05-09 15:00:00'),
(724, 16, 1, '2025-05-09 15:00:00'),
(725, 16, 1, '2025-05-09 15:00:00'),
(726, 16, 1, '2025-05-09 15:00:00'),
(727, 16, 1, '2025-05-09 15:00:00'),
(728, 16, 1, '2025-05-09 15:00:00'),
(729, 16, 1, '2025-05-09 15:00:00'),
(730, 16, 1, '2025-05-09 15:00:00'),
(731, 16, 1, '2025-05-09 15:00:00'),
(732, 16, 1, '2025-05-09 15:00:00'),
(733, 16, 1, '2025-05-09 15:00:00'),
(734, 16, 1, '2025-05-09 15:00:00'),
(735, 16, 1, '2025-05-09 15:00:00'),
(736, 16, 1, '2025-05-09 15:00:00'),
(737, 16, 1, '2025-05-09 15:00:00'),
(738, 16, 1, '2025-05-09 15:00:00'),
(739, 16, 1, '2025-05-09 15:00:00'),
(740, 16, 1, '2025-05-09 15:00:00'),
(741, 16, 1, '2025-05-09 15:00:00'),
(742, 16, 1, '2025-05-09 15:00:00'),
(743, 16, 1, '2025-05-09 15:00:00'),
(744, 16, 1, '2025-05-09 15:00:00'),
(745, 16, 1, '2025-05-09 15:00:00'),
(746, 16, 1, '2025-05-09 15:00:00'),
(747, 16, 1, '2025-05-09 15:00:00'),
(748, 16, 1, '2025-05-09 15:00:00'),
(749, 16, 1, '2025-05-09 15:00:00'),
(750, 16, 1, '2025-05-09 15:00:00'),
(751, 16, 1, '2025-05-09 15:00:00'),
(752, 16, 1, '2025-05-09 15:00:00'),
(753, 16, 1, '2025-05-09 15:00:00'),
(754, 16, 1, '2025-05-09 15:00:00'),
(755, 16, 1, '2025-05-09 15:00:00'),
(756, 16, 1, '2025-05-09 15:00:00'),
(757, 16, 1, '2025-05-09 15:00:00'),
(758, 16, 1, '2025-05-09 15:00:00'),
(759, 16, 1, '2025-05-09 15:00:00'),
(760, 16, 1, '2025-05-09 15:00:00'),
(761, 16, 1, '2025-05-09 15:00:00'),
(762, 16, 1, '2025-05-09 15:00:00'),
(763, 16, 1, '2025-05-09 15:00:00'),
(764, 16, 1, '2025-05-09 15:00:00'),
(765, 16, 1, '2025-05-09 15:00:00'),
(871, 16, 1, '2025-05-10 15:00:00'),
(872, 16, 1, '2025-05-10 15:00:00'),
(873, 16, 1, '2025-05-10 15:00:00'),
(874, 16, 1, '2025-05-10 15:00:00'),
(875, 16, 1, '2025-05-10 15:00:00'),
(876, 16, 1, '2025-05-10 15:00:00'),
(877, 16, 1, '2025-05-10 15:00:00'),
(878, 16, 1, '2025-05-10 15:00:00'),
(879, 16, 1, '2025-05-10 15:00:00'),
(880, 16, 1, '2025-05-10 15:00:00'),
(881, 16, 1, '2025-05-10 15:00:00'),
(882, 16, 1, '2025-05-10 15:00:00'),
(883, 16, 1, '2025-05-10 15:00:00'),
(884, 16, 1, '2025-05-10 15:00:00'),
(885, 16, 1, '2025-05-10 15:00:00'),
(886, 16, 1, '2025-05-10 15:00:00'),
(887, 16, 1, '2025-05-10 15:00:00'),
(888, 16, 1, '2025-05-10 15:00:00'),
(889, 16, 1, '2025-05-10 15:00:00'),
(890, 16, 1, '2025-05-10 15:00:00'),
(891, 16, 1, '2025-05-10 15:00:00'),
(892, 16, 1, '2025-05-10 15:00:00'),
(893, 16, 1, '2025-05-10 15:00:00'),
(894, 16, 1, '2025-05-10 15:00:00'),
(895, 16, 1, '2025-05-10 15:00:00'),
(896, 16, 1, '2025-05-10 15:00:00'),
(897, 16, 1, '2025-05-10 15:00:00'),
(898, 16, 1, '2025-05-10 15:00:00'),
(899, 16, 1, '2025-05-10 15:00:00'),
(900, 16, 1, '2025-05-10 15:00:00'),
(901, 16, 1, '2025-05-10 15:00:00'),
(902, 16, 1, '2025-05-10 15:00:00'),
(903, 16, 1, '2025-05-10 15:00:00'),
(904, 16, 1, '2025-05-10 15:00:00'),
(905, 16, 1, '2025-05-10 15:00:00'),
(906, 16, 1, '2025-05-10 15:00:00'),
(907, 16, 1, '2025-05-10 15:00:00'),
(908, 16, 1, '2025-05-10 15:00:00'),
(909, 16, 1, '2025-05-10 15:00:00'),
(910, 16, 1, '2025-05-10 15:00:00'),
(911, 16, 1, '2025-05-10 15:00:00'),
(912, 16, 1, '2025-05-10 15:00:00'),
(913, 16, 1, '2025-05-10 15:00:00'),
(914, 16, 1, '2025-05-10 15:00:00'),
(915, 16, 1, '2025-05-10 15:00:00'),
(916, 16, 1, '2025-05-10 15:00:00'),
(917, 16, 1, '2025-05-10 15:00:00'),
(918, 16, 1, '2025-05-10 15:00:00'),
(919, 16, 1, '2025-05-10 15:00:00'),
(920, 16, 1, '2025-05-10 15:00:00'),
(921, 16, 1, '2025-05-10 15:00:00'),
(922, 16, 1, '2025-05-10 15:00:00'),
(923, 16, 1, '2025-05-10 15:00:00'),
(924, 16, 1, '2025-05-10 15:00:00'),
(925, 16, 1, '2025-05-10 15:00:00'),
(926, 16, 1, '2025-05-10 15:00:00'),
(927, 16, 1, '2025-05-10 15:00:00'),
(928, 16, 1, '2025-05-10 15:00:00'),
(929, 16, 1, '2025-05-10 15:00:00'),
(930, 16, 1, '2025-05-10 15:00:00'),
(931, 16, 1, '2025-05-10 15:00:00'),
(932, 16, 1, '2025-05-10 15:00:00'),
(933, 16, 1, '2025-05-10 15:00:00'),
(934, 16, 1, '2025-05-10 15:00:00'),
(935, 16, 1, '2025-05-10 15:00:00'),
(936, 16, 1, '2025-05-10 15:00:00'),
(937, 16, 1, '2025-05-10 15:00:00'),
(938, 16, 1, '2025-05-10 15:00:00'),
(939, 16, 1, '2025-05-10 15:00:00'),
(940, 16, 1, '2025-05-10 15:00:00'),
(941, 16, 1, '2025-05-10 15:00:00'),
(942, 16, 1, '2025-05-10 15:00:00'),
(943, 16, 1, '2025-05-10 15:00:00'),
(944, 16, 1, '2025-05-10 15:00:00'),
(945, 16, 1, '2025-05-10 15:00:00'),
(946, 16, 1, '2025-05-10 15:00:00'),
(947, 16, 1, '2025-05-10 15:00:00'),
(948, 16, 1, '2025-05-10 15:00:00'),
(949, 16, 1, '2025-05-10 15:00:00'),
(950, 16, 1, '2025-05-10 15:00:00'),
(951, 16, 1, '2025-05-10 15:00:00'),
(952, 16, 1, '2025-05-10 15:00:00'),
(953, 16, 1, '2025-05-10 15:00:00'),
(954, 16, 1, '2025-05-10 15:00:00'),
(955, 16, 1, '2025-05-10 15:00:00'),
(956, 16, 1, '2025-05-10 15:00:00'),
(957, 16, 1, '2025-05-10 15:00:00'),
(958, 16, 1, '2025-05-10 15:00:00'),
(959, 16, 1, '2025-05-10 15:00:00'),
(960, 16, 1, '2025-05-10 15:00:00'),
(961, 16, 1, '2025-05-10 15:00:00'),
(962, 16, 1, '2025-05-10 15:00:00'),
(963, 16, 1, '2025-05-10 15:00:00'),
(964, 16, 1, '2025-05-10 15:00:00'),
(965, 16, 1, '2025-05-10 15:00:00'),
(966, 16, 1, '2025-05-10 15:00:00'),
(967, 16, 1, '2025-05-10 15:00:00'),
(968, 16, 1, '2025-05-10 15:00:00'),
(969, 16, 1, '2025-05-10 15:00:00'),
(970, 16, 1, '2025-05-10 15:00:00'),
(971, 16, 1, '2025-05-10 15:00:00'),
(972, 16, 1, '2025-05-10 15:00:00'),
(973, 16, 1, '2025-05-10 15:00:00'),
(974, 16, 1, '2025-05-10 15:00:00'),
(975, 16, 1, '2025-05-10 15:00:00'),
(976, 16, 1, '2025-05-10 15:00:00'),
(977, 16, 1, '2025-05-10 15:00:00'),
(978, 16, 1, '2025-05-10 15:00:00'),
(979, 16, 1, '2025-05-10 15:00:00'),
(980, 16, 1, '2025-05-10 15:00:00'),
(981, 16, 1, '2025-05-10 15:00:00'),
(982, 16, 1, '2025-05-10 15:00:00'),
(983, 16, 1, '2025-05-10 15:00:00'),
(984, 16, 1, '2025-05-10 15:00:00'),
(985, 16, 1, '2025-05-10 15:00:00'),
(986, 16, 1, '2025-05-10 15:00:00'),
(987, 16, 1, '2025-05-10 15:00:00'),
(988, 16, 1, '2025-05-10 15:00:00'),
(989, 16, 1, '2025-05-10 15:00:00'),
(990, 16, 1, '2025-05-10 15:00:00'),
(998, 20, 1, '2025-05-11 07:17:13'),
(999, 20, 1, '2025-05-11 07:24:12'),
(1001, 20, NULL, '2025-05-11 22:47:46'),
(1003, 20, 1, '2025-05-11 22:49:40'),
(1004, 20, 1, '2025-05-11 22:55:19'),
(1005, 20, 1, '2025-05-11 23:05:10'),
(1007, 14, 1, '2025-05-11 23:07:26'),
(1008, 14, 1, '2025-05-11 23:09:55'),
(1016, 20, 1, '2025-05-11 23:34:36'),
(1017, 20, 2, '2025-05-11 23:35:02'),
(1018, 14, 2, '2025-05-11 23:35:30'),
(1019, 20, 7, '2025-05-11 23:36:17'),
(1020, 20, 7, '2025-05-11 23:37:24'),
(1022, 20, NULL, '2025-05-11 23:39:02'),
(1023, 20, 1, '2025-05-11 23:41:20'),
(1024, 16, 1, '2025-05-11 23:42:17'),
(1025, 16, 1, '2025-05-11 23:42:36'),
(1027, 20, 1, '2025-05-12 00:03:51'),
(1029, 14, 1, '2025-05-12 00:30:02'),
(1031, 20, 1, '2025-05-12 00:35:41'),
(1033, 16, 1, '2025-05-12 00:41:29'),
(1035, 20, 2, '2025-05-12 00:46:50'),
(1036, 20, 2, '2025-05-12 00:47:09'),
(1037, 16, 1, '2025-05-12 00:55:33'),
(1039, 20, NULL, '2025-05-12 12:27:23'),
(1040, 20, 1, '2025-05-12 12:27:45'),
(1043, 16, NULL, '2025-05-12 14:53:38'),
(1044, 21, 1, '2025-05-12 15:34:36'),
(1045, 21, NULL, '2025-05-12 15:35:45'),
(1046, 21, 1, '2025-05-12 15:43:22'),
(1047, 16, NULL, '2025-05-12 15:47:20'),
(1048, 14, NULL, '2025-05-12 15:47:38'),
(1052, 21, 4, '2025-05-12 15:58:01'),
(1053, 20, 4, '2025-05-12 15:58:12'),
(1054, 21, 4, '2025-05-12 15:58:27'),
(1055, 21, 4, '2025-05-12 15:58:31'),
(1056, 21, 4, '2025-05-12 15:58:31'),
(1057, 21, 4, '2025-05-12 15:58:32'),
(1058, 21, 4, '2025-05-12 15:58:32'),
(1059, 21, 4, '2025-05-12 15:58:32'),
(1060, 21, 4, '2025-05-12 15:58:32'),
(1061, 21, 4, '2025-05-12 15:58:33'),
(1062, 21, 4, '2025-05-12 15:58:33'),
(1063, 21, 4, '2025-05-12 15:58:33'),
(1064, 21, 4, '2025-05-12 15:58:33'),
(1065, 21, 4, '2025-05-12 15:58:34'),
(1066, 21, 4, '2025-05-12 15:58:34'),
(1067, 21, 4, '2025-05-12 15:58:34'),
(1068, 21, 4, '2025-05-12 15:58:34'),
(1069, 21, 4, '2025-05-12 15:58:34'),
(1070, 21, 4, '2025-05-12 15:58:34'),
(1071, 21, 4, '2025-05-12 15:58:35'),
(1072, 21, 4, '2025-05-12 15:58:35'),
(1073, 21, 4, '2025-05-12 15:58:35'),
(1074, 21, 4, '2025-05-12 15:58:35'),
(1075, 21, 4, '2025-05-12 15:58:35'),
(1076, 21, 4, '2025-05-12 15:58:36'),
(1077, 21, 4, '2025-05-12 15:58:36'),
(1078, 21, 4, '2025-05-12 15:58:36'),
(1079, 21, 4, '2025-05-12 15:58:36'),
(1080, 21, 4, '2025-05-12 15:58:36'),
(1082, 16, 1, '2025-05-12 16:05:03'),
(1083, 14, 1, '2025-05-12 16:05:15'),
(1084, 22, 3, '2025-05-12 16:09:25'),
(1085, 22, 3, '2025-05-12 16:09:30'),
(1086, 22, 3, '2025-05-12 16:09:30'),
(1087, 22, 3, '2025-05-12 16:09:30'),
(1088, 22, 3, '2025-05-12 16:09:30'),
(1089, 22, 3, '2025-05-12 16:09:31'),
(1090, 22, 3, '2025-05-12 16:09:31'),
(1091, 22, 3, '2025-05-12 16:09:31'),
(1092, 22, 3, '2025-05-12 16:09:31'),
(1093, 22, 3, '2025-05-12 16:09:31'),
(1094, 22, 3, '2025-05-12 16:09:31'),
(1095, 22, 3, '2025-05-12 16:09:32'),
(1096, 22, 3, '2025-05-12 16:09:32'),
(1097, 22, 3, '2025-05-12 16:09:32'),
(1098, 22, 3, '2025-05-12 16:09:32'),
(1099, 22, 3, '2025-05-12 16:09:32'),
(1100, 22, 3, '2025-05-12 16:09:33'),
(1101, 22, 3, '2025-05-12 16:09:33'),
(1102, 22, 3, '2025-05-12 16:09:33'),
(1103, 22, 3, '2025-05-12 16:09:33'),
(1104, 22, 3, '2025-05-12 16:09:33'),
(1105, 22, 3, '2025-05-12 16:09:33'),
(1106, 22, 3, '2025-05-12 16:09:34'),
(1107, 22, 3, '2025-05-12 16:09:34'),
(1108, 22, 3, '2025-05-12 16:09:34'),
(1109, 22, 3, '2025-05-12 16:09:34'),
(1110, 22, 3, '2025-05-12 16:09:34'),
(1111, 22, 3, '2025-05-12 16:09:34'),
(1112, 22, 3, '2025-05-12 16:09:34'),
(1113, 22, 3, '2025-05-12 16:09:35'),
(1114, 22, 3, '2025-05-12 16:09:35'),
(1115, 22, 3, '2025-05-12 16:09:35'),
(1116, 22, 3, '2025-05-12 16:09:35'),
(1117, 22, 3, '2025-05-12 16:09:35'),
(1118, 22, 3, '2025-05-12 16:09:35'),
(1119, 22, 3, '2025-05-12 16:09:36'),
(1120, 22, 3, '2025-05-12 16:09:36'),
(1121, 22, 3, '2025-05-12 16:09:36'),
(1122, 22, 3, '2025-05-12 16:09:36'),
(1123, 22, 3, '2025-05-12 16:09:36'),
(1124, 22, 3, '2025-05-12 16:09:36'),
(1125, 22, 3, '2025-05-12 16:09:37'),
(1126, 22, 3, '2025-05-12 16:09:37'),
(1127, 22, 3, '2025-05-12 16:09:37'),
(1128, 22, 3, '2025-05-12 16:09:37'),
(1129, 22, 3, '2025-05-12 16:09:37'),
(1130, 22, 3, '2025-05-12 16:09:37'),
(1131, 22, 3, '2025-05-12 16:09:38'),
(1132, 22, 3, '2025-05-12 16:09:38'),
(1133, 22, 3, '2025-05-12 16:09:38'),
(1134, 22, 3, '2025-05-12 16:09:38'),
(1135, 22, 3, '2025-05-12 16:09:38'),
(1136, 22, 3, '2025-05-12 16:09:38'),
(1137, 22, 3, '2025-05-12 16:09:39'),
(1138, 22, 3, '2025-05-12 16:09:39'),
(1139, 22, 3, '2025-05-12 16:09:39'),
(1140, 22, 3, '2025-05-12 16:09:39'),
(1141, 22, 3, '2025-05-12 16:09:39'),
(1142, 22, 3, '2025-05-12 16:09:39'),
(1143, 22, 3, '2025-05-12 16:09:40'),
(1144, 22, 3, '2025-05-12 16:09:40'),
(1145, 22, 3, '2025-05-12 16:09:40'),
(1146, 22, 3, '2025-05-12 16:09:45'),
(1147, 20, NULL, '2025-05-12 16:10:02'),
(1148, 22, NULL, '2025-05-12 16:12:54'),
(1149, 22, NULL, '2025-05-12 16:12:57'),
(1150, 22, NULL, '2025-05-12 16:12:57'),
(1151, 22, NULL, '2025-05-12 16:12:57'),
(1152, 22, NULL, '2025-05-12 16:12:58'),
(1153, 22, NULL, '2025-05-12 16:12:58'),
(1154, 22, NULL, '2025-05-12 16:12:58'),
(1155, 22, NULL, '2025-05-12 16:12:58'),
(1156, 22, NULL, '2025-05-12 16:12:58'),
(1157, 22, NULL, '2025-05-12 16:12:58'),
(1158, 22, NULL, '2025-05-12 16:12:59'),
(1159, 22, NULL, '2025-05-12 16:12:59'),
(1160, 22, NULL, '2025-05-12 16:12:59'),
(1161, 22, NULL, '2025-05-12 16:12:59'),
(1162, 22, 1, '2025-05-12 16:13:07'),
(1163, 22, 2, '2025-05-12 16:13:37'),
(1164, 22, 3, '2025-05-12 16:13:51'),
(1165, 22, 4, '2025-05-12 16:14:17');

-- --------------------------------------------------------

--
-- Estructura de tabla para la tabla `votos`
--

CREATE TABLE `votos` (
  `id` int(11) NOT NULL,
  `usuario_id` int(11) DEFAULT NULL,
  `video_id` int(11) DEFAULT NULL,
  `tipo` enum('me_gusta','no_me_gusta') DEFAULT NULL,
  `fecha` timestamp NOT NULL DEFAULT current_timestamp()
) ENGINE=InnoDB DEFAULT CHARSET=utf8mb4 COLLATE=utf8mb4_general_ci;

--
-- Volcado de datos para la tabla `votos`
--

INSERT INTO `votos` (`id`, `usuario_id`, `video_id`, `tipo`, `fecha`) VALUES
(11, 2, 14, 'no_me_gusta', '2025-04-30 03:27:40'),
(13, 1, 16, 'me_gusta', '2025-04-30 22:10:30'),
(15, 1, 20, 'no_me_gusta', '2025-05-11 07:17:42'),
(17, 2, 20, 'no_me_gusta', '2025-05-11 23:35:04'),
(18, 7, 20, 'me_gusta', '2025-05-11 23:36:19'),
(20, 1, 14, 'me_gusta', '2025-05-12 00:30:07'),
(22, 1, 21, 'me_gusta', '2025-05-12 15:43:26'),
(23, 3, 22, 'me_gusta', '2025-05-12 16:09:27'),
(24, 2, 22, 'me_gusta', '2025-05-12 16:13:39'),
(25, 4, 22, 'me_gusta', '2025-05-12 16:14:18');

-- --------------------------------------------------------

--
-- Estructura para la vista `super_pop_usuarios`
--
DROP TABLE IF EXISTS `super_pop_usuarios`;

CREATE ALGORITHM=UNDEFINED DEFINER=`root`@`localhost` SQL SECURITY DEFINER VIEW `super_pop_usuarios`  AS SELECT `vistas`.`usuario_id` AS `usuario_id` FROM `vistas` WHERE `vistas`.`fecha` >= current_timestamp() - interval 3 day GROUP BY `vistas`.`usuario_id` HAVING count(0) >= 100 ;

--
-- Índices para tablas volcadas
--

--
-- Indices de la tabla `sugerencias`
--
ALTER TABLE `sugerencias`
  ADD PRIMARY KEY (`id`),
  ADD KEY `video_origen_id` (`video_origen_id`),
  ADD KEY `video_sugerido_id` (`video_sugerido_id`);

--
-- Indices de la tabla `usuarios`
--
ALTER TABLE `usuarios`
  ADD PRIMARY KEY (`id`),
  ADD UNIQUE KEY `username` (`username`);

--
-- Indices de la tabla `videos`
--
ALTER TABLE `videos`
  ADD PRIMARY KEY (`id`),
  ADD KEY `usuario_id` (`usuario_id`);

--
-- Indices de la tabla `vistas`
--
ALTER TABLE `vistas`
  ADD PRIMARY KEY (`id`),
  ADD KEY `video_id` (`video_id`),
  ADD KEY `usuario_id` (`usuario_id`);

--
-- Indices de la tabla `votos`
--
ALTER TABLE `votos`
  ADD PRIMARY KEY (`id`),
  ADD UNIQUE KEY `usuario_id` (`usuario_id`,`video_id`),
  ADD KEY `video_id` (`video_id`);

--
-- AUTO_INCREMENT de las tablas volcadas
--

--
-- AUTO_INCREMENT de la tabla `sugerencias`
--
ALTER TABLE `sugerencias`
  MODIFY `id` int(11) NOT NULL AUTO_INCREMENT;

--
-- AUTO_INCREMENT de la tabla `usuarios`
--
ALTER TABLE `usuarios`
  MODIFY `id` int(11) NOT NULL AUTO_INCREMENT, AUTO_INCREMENT=9;

--
-- AUTO_INCREMENT de la tabla `videos`
--
ALTER TABLE `videos`
  MODIFY `id` int(11) NOT NULL AUTO_INCREMENT, AUTO_INCREMENT=23;

--
-- AUTO_INCREMENT de la tabla `vistas`
--
ALTER TABLE `vistas`
  MODIFY `id` int(11) NOT NULL AUTO_INCREMENT, AUTO_INCREMENT=1166;

--
-- AUTO_INCREMENT de la tabla `votos`
--
ALTER TABLE `votos`
  MODIFY `id` int(11) NOT NULL AUTO_INCREMENT, AUTO_INCREMENT=26;

--
-- Restricciones para tablas volcadas
--

--
-- Filtros para la tabla `sugerencias`
--
ALTER TABLE `sugerencias`
  ADD CONSTRAINT `sugerencias_ibfk_1` FOREIGN KEY (`video_origen_id`) REFERENCES `videos` (`id`),
  ADD CONSTRAINT `sugerencias_ibfk_2` FOREIGN KEY (`video_sugerido_id`) REFERENCES `videos` (`id`);

--
-- Filtros para la tabla `videos`
--
ALTER TABLE `videos`
  ADD CONSTRAINT `videos_ibfk_1` FOREIGN KEY (`usuario_id`) REFERENCES `usuarios` (`id`);

--
-- Filtros para la tabla `vistas`
--
ALTER TABLE `vistas`
  ADD CONSTRAINT `vistas_ibfk_1` FOREIGN KEY (`video_id`) REFERENCES `videos` (`id`),
  ADD CONSTRAINT `vistas_ibfk_2` FOREIGN KEY (`usuario_id`) REFERENCES `usuarios` (`id`);

--
-- Filtros para la tabla `votos`
--
ALTER TABLE `votos`
  ADD CONSTRAINT `votos_ibfk_1` FOREIGN KEY (`usuario_id`) REFERENCES `usuarios` (`id`),
  ADD CONSTRAINT `votos_ibfk_2` FOREIGN KEY (`video_id`) REFERENCES `videos` (`id`);
COMMIT;

/*!40101 SET CHARACTER_SET_CLIENT=@OLD_CHARACTER_SET_CLIENT */;
/*!40101 SET CHARACTER_SET_RESULTS=@OLD_CHARACTER_SET_RESULTS */;
/*!40101 SET COLLATION_CONNECTION=@OLD_COLLATION_CONNECTION */;
